{
  "W(V, V)": {
    "mean": 0.0,
    "stderr": 0.0
  },
  "W(U, V)": {
    "mean": 0.7867396078423436,
    "stderr": 0.0
  },
  "W(V_tilde, V)": {
    "mean": 0.03554862014373063,
    "stderr": 0.00519524916042157
  },
  "W(noisedA_noise_previous, V)": {
    "mean": 0.804390268141379,
    "stderr": 0.00074046173151637
  },
  "W(noisedA_cutout_previous, V)": {
    "mean": 0.8127781155710215,
    "stderr": 0.0050619728720129415
  },
  "W(noisedA_gradient_previous, V)": {
    "mean": 0.7811589792003674,
    "stderr": 0.00417377083336366
  },
  "W(noisedA_saltpepper, V)": {
    "mean": 0.8159336018016462,
    "stderr": 0.0031495048768116537
  },
  "W(noisedA_combined_previous, V)": {
    "mean": 0.8068759505212908,
    "stderr": 0.006134333989078171
  },
  "FID(U, V)": {
    "mean": 216.3849639892578,
    "stderr": 0.0
  },
  "FID(V_tilde, V)": {
    "mean": 136.46269452130352,
    "stderr": 3.955473393471366
  },
  "FID(noisedA_noise_previous, V)": {
    "mean": 147.82632446289062,
    "stderr": 0.19511876531229666
  },
  "FID(noisedA_cutout_previous, V)": {
    "mean": 210.73852030436197,
    "stderr": 0.8282560202004838
  },
  "FID(noisedA_gradient_previous, V)": {
    "mean": 200.38898213704428,
    "stderr": 0.35101470377963645
  },
  "FID(noisedA_saltpepper, V)": {
    "mean": 352.0013478597005,
    "stderr": 0.5722708614735081
  },
  "FID(noisedA_combined_previous, V)": {
    "mean": 167.64860026041666,
    "stderr": 0.7146386035843392
  }
}